N,D,jitter_std,rep,vpp_clean_uV,vpp_noisy_uV,snr,peak_neg_uV,crossings,detected
1,25,0,0,30.108016034797497,45.05520222086682,3.0108016034797496,-18.641320271883256,1,True
1,25,0,1,50.5044067560024,62.3216475095704,5.050440675600241,-32.78264600058687,2,True
1,25,0,2,47.87079829880612,67.04510299921735,4.7870798298806125,-30.998688038804932,2,True
1,25,3,0,53.356338137749105,66.92575838507655,5.33563381377491,-34.864162503110464,1,True
1,25,3,1,47.73628535194379,61.136929002829326,4.773628535194379,-30.781289505491536,3,True
1,25,3,2,33.97222134896936,45.70773475621665,3.3972221348969365,-21.256385022494673,2,True
1,25,5,0,43.22304242403192,57.32739249585573,4.322304242403192,-27.733467150265863,1,True
1,25,5,1,31.845268726161446,45.24697930926877,3.1845268726161446,-19.891027245469942,2,True
1,25,5,2,12.3858941035937,35.91793192713388,1.23858941035937,-7.307738293809209,0,False
1,25,10,0,51.36531851141893,53.890121593743196,5.136531851141893,-33.47934082151802,1,True
1,25,10,1,44.000496411612865,49.83646454796684,4.400049641161287,-28.31072575144369,2,True
1,25,10,2,31.764991310412775,49.70383959558685,3.1764991310412776,-19.71044914000884,4,True
1,25,20,0,44.81295393904394,62.62247548544715,4.481295393904395,-28.80044047981957,2,True
1,25,20,1,42.99009596168226,60.169838001710126,4.299009596168226,-27.325725718558786,2,True
1,25,20,2,55.95499643586865,71.31153227185655,5.595499643586865,-36.74982407224008,2,True
1,25,30,0,37.91771963075487,52.5812259829282,3.7917719630754867,-23.90884367469063,1,True
1,25,30,1,29.49058853013996,44.38273816834865,2.949058853013996,-18.15663809924428,1,True
1,25,30,2,38.653654955975036,50.37504119815263,3.8653654955975036,-24.47657387001103,2,True
1,25,50,0,13.388927808461847,33.6039104057991,1.3388927808461848,-7.927324109571429,0,False
1,25,50,1,19.590487363999024,34.10456870207108,1.9590487363999025,-11.784354937527036,0,False
1,25,50,2,56.71487577312682,63.6779012464834,5.671487577312682,-37.31434625843196,2,True
1,50,0,0,17.11269135922461,32.02706586625972,1.711269135922461,-11.058986047875887,0,False
1,50,0,1,13.844887504184452,34.78092837130307,1.3844887504184453,-8.900603976679461,0,False
1,50,0,2,9.460564091707791,38.811076028354975,0.9460564091707792,-5.873499912131412,0,False
1,50,3,0,16.40158441902105,36.421900073517605,1.640158441902105,-10.576260009944868,1,True
1,50,3,1,13.890460543876195,35.91103062351236,1.3890460543876195,-8.927802315875024,0,False
1,50,3,2,16.981024311683587,32.501731856859394,1.6981024311683588,-10.966801837864965,0,False
1,50,5,0,16.59664644445003,34.15910217252137,1.659664644445003,-10.688542666039963,0,False
1,50,5,1,15.766239158059394,35.57088737491874,1.5766239158059394,-10.144718366171668,0,False
1,50,5,2,10.077786175708777,39.33238936252274,1.0077786175708776,-6.280162802574353,0,False
1,50,10,0,18.345614459568832,42.11282585590627,1.8345614459568833,-11.837878329443228,0,False
1,50,10,1,15.170813224930622,35.08677206321183,1.5170813224930622,-9.774979715784978,0,False
1,50,10,2,6.3380068666298115,31.5158231574272,0.6338006866629812,-3.830431008069211,0,False
1,50,20,0,14.65818865809899,38.07233243152423,1.465818865809899,-9.356481510539755,0,False
1,50,20,1,5.373919847581162,36.57780213228666,0.5373919847581161,-3.2301002548046274,0,False
1,50,20,2,7.78972215469234,37.04544231385381,0.778972215469234,-4.767015293879639,1,True
1,50,30,0,10.184066411139689,34.62909940749614,1.018406641113969,-6.30633182665598,0,False
1,50,30,1,4.954323577441394,35.51686003069132,0.4954323577441394,-2.9618119078228,0,False
1,50,30,2,6.628885494140917,32.19833040674448,0.6628885494140917,-4.0145898544436065,0,False
1,50,50,0,4.8033896152042885,29.521545994689085,0.4803389615204289,-2.8475224277828888,0,False
1,50,50,1,17.096989901966012,35.06279816308787,1.709698990196601,-10.991789047499827,0,False
1,50,50,2,15.86850720677197,35.7526278970026,1.586850720677197,-10.221767763921246,0,False
1,75,0,0,4.220230952067003,32.84165953778748,0.4220230952067003,-2.592437685304129,0,False
1,75,0,1,5.071178594428718,35.56111298881321,0.5071178594428718,-3.2118644096452345,0,False
1,75,0,2,4.735025710199036,34.30356747355283,0.47350257101990356,-2.974572376269739,0,False
1,75,3,0,4.801527372633512,32.60215436229029,0.48015273726335117,-2.9802209759501563,0,False
1,75,3,1,5.779923929189124,35.398440664081086,0.5779923929189124,-3.62751599513137,0,False
1,75,3,2,7.264903606203309,30.821377911574146,0.7264903606203309,-4.605486171200553,0,False
1,75,5,0,6.67477959187082,41.04799370236213,0.667477959187082,-4.249805482220386,0,False
1,75,5,1,0.11639673491195367,31.770859527959956,0.011639673491195367,-0.06641392681552966,0,False
1,75,5,2,1.0281860425865077,37.01106373360078,0.10281860425865078,-0.6048151619704188,1,True
1,75,10,0,7.830814283501725,36.362650786808885,0.7830814283501726,-5.005497983955394,0,False
1,75,10,1,3.402364420240193,33.28671419373726,0.34023644202401926,-2.1262719889842536,0,False
1,75,10,2,7.626270242259242,30.691903779883297,0.7626270242259242,-4.821063341061604,0,False
1,75,20,0,8.176322713592832,36.83528903423158,0.8176322713592832,-5.230682347844092,0,False
1,75,20,1,1.668518741078683,30.64955182451774,0.1668518741078683,-1.0017855183507787,0,False
1,75,20,2,7.552895394336991,34.93865109039966,0.7552895394336991,-4.772164157864092,0,False
1,75,30,0,5.291446487035054,30.903586811418286,0.5291446487035054,-3.3119334377215117,0,False
1,75,30,1,6.013960688680595,33.726231958680074,0.6013960688680595,-3.7690077488064118,0,False
1,75,30,2,3.2934741792738644,32.56467083670868,0.3293474179273864,-2.0194698321542153,0,False
1,75,50,0,1.4194113721224646,34.57520238751134,0.14194113721224647,-0.8350035098905096,0,False
1,75,50,1,3.191456272121007,35.45717496439611,0.3191456272121007,-1.9834761632940738,0,False
1,75,50,2,3.623986481158706,33.8485906811936,0.36239864811587064,-2.234851652003326,0,False
1,100,0,0,2.9374203289224865,31.219540396916898,0.29374203289224865,-1.8182331938512641,0,False
1,100,0,1,0.9643209080558303,30.132549857854876,0.09643209080558303,-0.5847143660001588,0,False
1,100,0,2,0.050137081763507736,30.627749554291128,0.005013708176350774,-0.02482159193572933,0,False
1,100,3,0,5.041250931177731,35.7389840888477,0.5041250931177731,-3.2350520845015422,0,False
1,100,3,1,1.9048005667718177,34.31459461468005,0.19048005667718176,-1.1718704658507912,0,False
1,100,3,2,2.185181643145314,32.49783625975524,0.2185181643145314,-1.3604366368252212,0,False
1,100,5,0,3.6483720486453093,35.497696909576064,0.3648372048645309,-2.29453562887735,0,False
1,100,5,1,2.4588814177136293,33.328599476819164,0.24588814177136292,-1.4771132812162366,0,False
1,100,5,2,3.0120140357560223,32.59184632928921,0.3012014035756022,-1.8992548311012767,0,False
1,100,10,0,5.309909465914425,32.14870201090723,0.5309909465914424,-3.3917467392231297,0,False
1,100,10,1,0.961800721965586,34.37527395837918,0.0961800721965586,-0.5829090564587511,0,False
1,100,10,2,3.8580438526738283,32.53864558561796,0.3858043852673828,-2.398947219771967,0,False
1,100,20,0,3.8429484058893784,32.69858750448374,0.3842948405889378,-2.4257881978259395,0,False
1,100,20,1,1.8845923251661945,32.45046604197228,0.18845923251661945,-1.1577623554215195,0,False
1,100,20,2,4.213007126674403,32.54506571268189,0.4213007126674403,-2.5975270374579082,0,False
1,100,30,0,2.3305445667219686,40.09497080186595,0.23305445667219687,-1.4183205533657166,0,False
1,100,30,1,0.6648571740627178,34.875121986444825,0.06648571740627178,-0.4002976652784227,0,False
1,100,30,2,1.390905484839438,32.57910105308788,0.1390905484839438,-0.8505209967174105,0,False
1,100,50,0,3.4556650838263154,34.90295700198202,0.34556650838263153,-2.1651455977451683,0,False
1,100,50,1,1.571786549184532,33.645076784555485,0.1571786549184532,-0.9608504884617218,0,False
1,100,50,2,0.0001424715774351307,33.24905986704684,1.4247157743513068e-05,-0.00011069464119581717,0,False
1,150,0,0,2.260508083858192,33.90961143964416,0.2260508083858192,-1.1183789582510004,0,False
1,150,0,1,0.5687369748638565,31.368450270624706,0.056873697486385655,-0.34536586548043746,0,False
1,150,0,2,1.0654245790766268,35.04681789323107,0.10654245790766267,-0.655248452542339,0,False
1,150,3,0,1.3004664170547207,31.689059920285356,0.13004664170547206,-0.762988646417053,0,False
1,150,3,1,0.9596272116294718,33.23143644943493,0.09596272116294718,-0.586879310649235,0,False
1,150,3,2,1.0472492170788432,32.78001915815067,0.10472492170788432,-0.6427966113058704,0,False
1,150,5,0,1.0570426862056768,33.02181593668862,0.10570426862056767,-0.5288905623263888,0,False
1,150,5,1,0.08611111626605442,35.84860517682225,0.008611111626605442,-0.04662689106627413,0,False
1,150,5,2,0.8643375436501097,33.027647384646265,0.08643375436501097,-0.5298107586726702,0,False
1,150,10,0,0.4733420000650967,29.72233221643013,0.04733420000650967,-0.28684718705408924,0,False
1,150,10,1,0.8760931962108995,32.50727752572957,0.08760931962108995,-0.5330242754795312,0,False
1,150,10,2,1.253489474637201,34.89118642300072,0.1253489474637201,-0.7745820406581556,0,False
1,150,20,0,0.8022001863880404,31.485973805959794,0.08022001863880404,-0.44927869407269294,0,False
1,150,20,1,0.888493121789437,33.67201648123067,0.08884931217894369,-0.5417112935850847,0,False
1,150,20,2,1.5068793026296763,33.94088375206099,0.15068793026296762,-0.9264958892535742,0,False
1,150,30,0,0.9162794783474523,35.81328748494266,0.09162794783474523,-0.5118130290723528,0,False
1,150,30,1,0.8359678590325952,33.69418102249148,0.08359678590325952,-0.5081814065927911,0,False
1,150,30,2,0.48918443417401697,37.19189479120887,0.048918443417401695,-0.29660754559766855,0,False
1,150,50,0,1.3782470038880996,31.599415859169838,0.13782470038880995,-0.7958994578215796,0,False
1,150,50,1,0.9522991570022097,31.65452998482781,0.09522991570022096,-0.5821603050730626,0,False
1,150,50,2,1.4369069498817173,32.76149529852156,0.14369069498817172,-0.8878279349169191,0,False
1,200,0,0,1.000795805344965,33.96972953104235,0.1000795805344965,-0.49465746956312506,0,False
1,200,0,1,0.27856820138142246,36.69947959712805,0.027856820138142245,-0.16171215115092902,0,False
1,200,0,2,0.6702826146189328,31.07729844748613,0.06702826146189328,-0.28469318283698514,0,False
1,200,3,0,0.2074238301279428,35.49752154226675,0.02074238301279428,-0.11906695095881378,0,False
1,200,3,1,0.10801129613112345,32.86491786404642,0.010801129613112345,-0.06221120892906704,0,False
1,200,3,2,0.3759211689649613,28.73458526962035,0.03759211689649613,-0.16558605795415987,0,False
1,200,5,0,0.14528157046465096,33.63869650491555,0.014528157046465096,-0.08665567930486356,0,False
1,200,5,1,0.42556008175613363,35.13796465052022,0.04255600817561336,-0.24592884065753048,0,False
1,200,5,2,0.5816735549372882,32.98661781652527,0.058167355493728826,-0.24359518405552472,0,False
1,200,10,0,0.8206771418539415,35.853737790783235,0.08206771418539414,-0.3820117734536351,0,False
1,200,10,1,0.45764013673524645,32.94220547054434,0.045764013673524645,-0.25854422779658104,0,False
1,200,10,2,0.5499183234910255,32.59031074294902,0.05499183234910256,-0.23346802202584147,0,False
1,200,20,0,0.14523953858630786,31.43109364487664,0.014523953858630787,-0.08657389081197744,0,False
1,200,20,1,0.426380584056859,36.06103488309823,0.0426380584056859,-0.24733715712921645,0,False
1,200,20,2,0.33124704561646096,32.22024774358954,0.033124704561646096,-0.14762661588453876,0,False
1,200,30,0,0.38953025465369306,30.363942610380967,0.03895302546536931,-0.2360853533424365,0,False
1,200,30,1,0.5218926329900899,32.359533179817234,0.05218926329900899,-0.29466421948879934,0,False
1,200,30,2,0.5972868491240484,33.508501548677756,0.059728684912404836,-0.25340388555337257,0,False
1,200,50,0,0.3463225150984245,31.746942371323787,0.03463225150984245,-0.21015351447986408,0,False
1,200,50,1,0.21368295743361326,30.742649387935824,0.021368295743361326,-0.12466266690566272,0,False
1,200,50,2,0.813595036833977,34.45677424043754,0.0813595036833977,-0.33420818211991266,0,False
5,25,0,0,92.08381443944279,106.41136824859024,9.20838144394428,-44.58042675062926,5,True
5,25,0,1,51.86234171233459,61.04271073692033,5.186234171233459,-27.47515480933265,9,True
5,25,0,2,80.05248276278803,94.01562210074562,8.005248276278802,-42.88705038972238,3,True
5,25,3,0,78.72326357514567,86.66373526143147,7.8723263575145666,-40.1525161862018,4,True
5,25,3,1,54.282863613958924,68.0599879526284,5.428286361395893,-29.09819539495532,6,True
5,25,3,2,106.70556592751335,119.51565289459637,10.670556592751336,-57.74096399577229,3,True
5,25,5,0,95.78514330247461,110.64212087247253,9.578514330247462,-58.77145815415124,4,True
5,25,5,1,78.70642734466504,87.64899688371179,7.870642734466505,-44.04257971293774,9,True
5,25,5,2,55.17415758183924,67.47161694625626,5.517415758183924,-33.11350305774783,5,True
5,25,10,0,72.8138990427457,89.32236573650451,7.281389904274571,-44.34588806217081,10,True
5,25,10,1,35.094858763982,46.747184017488806,3.5094858763982004,-16.013616936735943,1,True
5,25,10,2,58.15441328093304,76.06002558882172,5.815441328093304,-37.88687751858339,6,True
5,25,20,0,75.96068563687282,99.04381723059231,7.5960685636872824,-40.81893927580245,6,True
5,25,20,1,46.11681968411542,57.628847370036034,4.611681968411542,-28.488979951778056,7,True
5,25,20,2,75.13498933876008,88.06023607699044,7.513498933876008,-47.256598142230715,8,True
5,25,30,0,51.5356656017425,69.24632120470413,5.15356656017425,-33.501096606513514,7,True
5,25,30,1,63.78247412211496,78.74187156163839,6.378247412211496,-33.323515201939976,7,True
5,25,30,2,56.35293223237433,72.6871500355071,5.635293223237433,-36.730280950343285,8,True
5,25,50,0,53.51950165331904,64.83959891508923,5.351950165331904,-33.98563406156787,5,True
5,25,50,1,49.67048108733756,68.19615888359561,4.967048108733756,-32.01743001858894,6,True
5,25,50,2,60.9666225997876,77.5834260198735,6.09666225997876,-34.76724703004738,9,True
5,50,0,0,18.829780939339184,34.81370916102209,1.8829780939339185,-11.375420974138791,0,False
5,50,0,1,27.278245205048254,38.50823181172228,2.7278245205048255,-15.493323802812812,1,True
5,50,0,2,20.704964599757044,34.75308847130971,2.0704964599757045,-10.930397050837245,0,False
5,50,3,0,17.49177452835089,36.72640593399031,1.7491774528350892,-10.912843511282711,0,False
5,50,3,1,17.278532823252384,29.15202495121811,1.7278532823252384,-9.178854713152033,0,False
5,50,3,2,34.79841468884936,44.69504301694254,3.479841468884936,-19.289765137624414,2,True
5,50,5,0,35.298719212895705,56.121235643757075,3.5298719212895704,-22.04105858767709,3,True
5,50,5,1,18.006975445889864,35.67488124851065,1.8006975445889863,-10.629089855485397,0,False
5,50,5,2,21.30590136822346,40.32184437221329,2.130590136822346,-12.285739468328464,2,True
5,50,10,0,19.135018465266896,36.33723400249653,1.9135018465266895,-11.848166996980304,0,False
5,50,10,1,27.399079937605865,41.55317864028588,2.7399079937605864,-17.504678518221098,1,True
5,50,10,2,24.79294532033235,46.73332397560923,2.479294532033235,-15.365207774612383,1,True
5,50,20,0,20.93054695401489,38.48595345202441,2.093054695401489,-13.437705175898499,1,True
5,50,20,1,20.483775770094248,40.814311897291674,2.0483775770094246,-13.30544837142073,1,True
5,50,20,2,36.51392425654548,53.62904461813905,3.651392425654548,-22.816553179698232,4,True
5,50,30,0,19.480628160043775,46.67411553198502,1.9480628160043776,-12.47791367991366,1,True
5,50,30,1,18.475675853057698,41.10436204374843,1.8475675853057698,-11.976098230559307,1,True
5,50,30,2,24.4318030437474,42.57408057384841,2.44318030437474,-12.853176299004751,1,True
5,50,50,0,18.43342313576605,36.902260298461044,1.843342313576605,-11.92582592356326,0,False
5,50,50,1,21.083844570109033,39.61959379189575,2.1083844570109034,-12.396904063482605,0,False
5,50,50,2,22.7366527211406,44.22519679410182,2.27366527211406,-12.02364994403643,2,True
5,75,0,0,20.26473816035622,36.18158296568643,2.026473816035622,-12.492756999004701,0,False
5,75,0,1,7.366528406567643,39.43240247403724,0.7366528406567643,-3.641374220929161,0,False
5,75,0,2,7.685899388782092,35.33075682602515,0.7685899388782091,-4.487842483834329,0,False
5,75,3,0,16.924956550122857,35.70603058569415,1.6924956550122858,-9.658018351847922,0,False
5,75,3,1,8.392371290793234,33.88096465622585,0.8392371290793234,-4.765391478500839,0,False
5,75,3,2,11.98954520280704,32.4665247014591,1.198954520280704,-7.231648006693757,0,False
5,75,5,0,10.598476768619143,36.10484804873391,1.0598476768619143,-6.725737993272735,0,False
5,75,5,1,8.676781685600288,35.30895660598112,0.8676781685600288,-5.480304548113903,0,False
5,75,5,2,15.935058441146511,37.25213739398559,1.593505844114651,-9.988703467163111,0,False
5,75,10,0,7.026053586267278,32.39175240707008,0.7026053586267278,-4.031703070562347,0,False
5,75,10,1,7.310732886799767,31.086998592999272,0.7310732886799767,-4.488035069935547,0,False
5,75,10,2,9.560966150516368,31.422736466440114,0.9560966150516368,-5.955700181862557,0,False
5,75,20,0,10.835936899587875,30.693103558586856,1.0835936899587875,-5.79158149545864,0,False
5,75,20,1,11.63158622490521,32.96695260178858,1.163158622490521,-7.3433821643441055,0,False
5,75,20,2,7.152523237627934,30.963788965010004,0.7152523237627934,-4.567594389702592,0,False
5,75,30,0,9.046149237425903,32.12057200835419,0.9046149237425902,-5.7772784458880535,0,False
5,75,30,1,4.492779593205775,31.52553284096134,0.44927795932057746,-2.5564018250918834,0,False
5,75,30,2,6.121030362069758,32.19710861718082,0.6121030362069758,-3.8288433889959808,0,False
5,75,50,0,5.489575984848184,31.0781220140054,0.5489575984848184,-3.384169685130931,0,False
5,75,50,1,7.830487431316784,31.18284955814461,0.7830487431316784,-4.759365303478484,0,False
5,75,50,2,10.949984302900841,39.5445877741312,1.0949984302900841,-5.749846606753778,0,False
5,100,0,0,11.925838498754878,31.944886473086406,1.1925838498754877,-6.787857164645553,0,False
5,100,0,1,5.636478759818497,32.32510483917197,0.5636478759818497,-3.165772209082116,0,False
5,100,0,2,9.558300282278688,31.151245987365282,0.9558300282278689,-5.304325181459566,0,False
5,100,3,0,9.019997901755943,30.834272014687194,0.9019997901755943,-4.9640829704193905,0,False
5,100,3,1,5.45342953410645,33.4521460796586,0.545342953410645,-3.253218236391578,0,False
5,100,3,2,6.715128828315828,39.05263596991148,0.6715128828315828,-3.5861146964068484,0,False
5,100,5,0,5.398140640025838,39.342444285388034,0.5398140640025838,-3.4271676696732043,1,True
5,100,5,1,5.749635106425091,35.41051856893098,0.5749635106425091,-3.583589932885639,0,False
5,100,5,2,5.4069428195523255,30.988427712378826,0.5406942819552325,-3.3174270653766205,0,False
5,100,10,0,5.664248152224486,32.01520172285856,0.5664248152224486,-3.423397849104446,0,False
5,100,10,1,2.790413239282069,36.026067999648454,0.2790413239282069,-1.6209395346076187,1,True
5,100,10,2,4.091900015342916,34.20706644157757,0.40919000153429164,-2.5368061814143124,0,False
5,100,20,0,3.122867008178268,31.81681640534743,0.31228670081782683,-1.9441984116720556,0,False
5,100,20,1,4.634691444323668,34.81053979554419,0.46346914443236675,-2.8811740139371915,0,False
5,100,20,2,5.699740472285493,37.67360880217937,0.5699740472285493,-2.949067229802599,0,False
5,100,30,0,4.085857880274921,32.80218430668168,0.4085857880274921,-2.558898939371975,0,False
5,100,30,1,3.6505534313697154,36.271570687291046,0.3650553431369715,-2.250406343493679,1,True
5,100,30,2,3.494983150382536,34.89711727592994,0.3494983150382536,-2.1934153319417367,0,False
5,100,50,0,5.781914840280213,35.180239205644014,0.5781914840280213,-3.6154539952557037,0,False
5,100,50,1,4.8582170995285665,32.61542492749888,0.4858217099528567,-2.41188156720117,0,False
5,100,50,2,4.837671106728109,29.872558477907646,0.4837671106728109,-3.0175567878791743,0,False
5,150,0,0,2.5139745297133684,34.928778452120895,0.25139745297133687,-1.295296208985853,0,False
5,150,0,1,1.3564750109637465,37.3853525244417,0.13564750109637463,-0.675859899177685,0,False
5,150,0,2,1.7233147089600123,33.22060708327501,0.17233147089600123,-0.8943788099818889,0,False
5,150,3,0,3.842900982701056,37.43676114035458,0.3842900982701056,-2.2414170461886616,1,True
5,150,3,1,2.777233280518615,32.061452768689804,0.2777233280518615,-1.7578363995636177,0,False
5,150,3,2,3.1516058139574366,35.236044083727066,0.31516058139574366,-1.931701033255157,0,False
5,150,5,0,1.5684369259095896,39.69479880548144,0.15684369259095896,-0.9864289803710824,0,False
5,150,5,1,1.1198402386773805,34.536067876156345,0.11198402386773805,-0.6794116063736909,0,False
5,150,5,2,1.2909827943281615,30.416157892550842,0.12909827943281615,-0.6489023406196658,0,False
5,150,10,0,2.3557830264564856,36.95082939961472,0.23557830264564855,-1.2107196347170242,0,False
5,150,10,1,1.903382007630451,37.15891575471029,0.1903382007630451,-1.1410300225917822,0,False
5,150,10,2,1.3654489032636417,34.22245380169931,0.13654489032636416,-0.7787640832141061,0,False
5,150,20,0,2.0135444825780255,36.046911924288736,0.20135444825780255,-1.0767686217452153,0,False
5,150,20,1,1.67914805421933,33.67386613708198,0.167914805421933,-1.013800157831703,0,False
5,150,20,2,2.332880878893579,33.45965259373569,0.2332880878893579,-1.2529911717511846,0,False
5,150,30,0,2.5409272894525863,35.786851415344245,0.25409272894525864,-1.4732512010627805,0,False
5,150,30,1,1.5065026828043027,37.01768652901443,0.15065026828043027,-0.9220781837840949,0,False
5,150,30,2,2.2615196932695163,33.784076177729446,0.22615196932695164,-1.213592737198089,0,False
5,150,50,0,2.430087963350319,34.18001093621638,0.2430087963350319,-1.5136191549799767,0,False
5,150,50,1,1.4071548283885016,31.767805764888656,0.14071548283885016,-0.8366800107808687,0,False
5,150,50,2,0.8351554881268729,34.76439670479401,0.08351554881268729,-0.45896539127282276,0,False
5,200,0,0,2.6110582971559966,33.74223820514975,0.26110582971559965,-1.5705489884009396,0,False
5,200,0,1,1.4884515408069992,32.553818600965855,0.14884515408069993,-0.7209913226108904,0,False
5,200,0,2,0.8898433994511732,30.237005697303182,0.08898433994511731,-0.4780591748152999,0,False
5,200,3,0,1.4470893875674293,33.28861846247166,0.14470893875674293,-0.8370913732483981,0,False
5,200,3,1,2.3331756516359174,33.59334684697975,0.23331756516359176,-0.9406769653803346,0,False
5,200,3,2,1.4120048823360793,30.645870423367647,0.14120048823360792,-0.8315143264197445,0,False
5,200,5,0,0.7052081469034264,35.61797343685218,0.07052081469034263,-0.4169944958255271,0,False
5,200,5,1,0.7499659898281272,37.66015805962949,0.07499659898281272,-0.3768425850511331,0,False
5,200,5,2,1.1917558468642162,34.45840634502674,0.11917558468642162,-0.6858008255003423,0,False
5,200,10,0,1.4611302830777921,34.45084733581473,0.14611302830777922,-0.708561843487427,0,False
5,200,10,1,1.369245133933875,32.794826926869355,0.1369245133933875,-0.5527086919068114,0,False
5,200,10,2,1.3098727560080734,36.19211377332711,0.13098727560080733,-0.7841923665001291,0,False
5,200,20,0,1.2162670951669567,37.53844147858943,0.12162670951669567,-0.7398744167872191,0,False
5,200,20,1,1.1705789187166113,32.46384347935204,0.11705789187166113,-0.46082246552689027,0,False
5,200,20,2,1.0462832245853102,35.79516527684349,0.10462832245853101,-0.6688467891849926,0,False
5,200,30,0,1.6494149984474529,32.20933983435482,0.1649414998447453,-0.9788363736445636,0,False
5,200,30,1,0.7742773792494955,36.559822151127534,0.07742773792494954,-0.30669172783147347,0,False
5,200,30,2,0.9771076757563483,35.943083920876376,0.09771076757563482,-0.5848105559634368,1,True
5,200,50,0,0.5399619056267653,33.68983217065862,0.05399619056267653,-0.2733654894231738,0,False
5,200,50,1,1.8663629364492902,35.08373057419405,0.186636293644929,-0.8792202104353628,0,False
5,200,50,2,0.896054848679504,38.60276352804145,0.0896054848679504,-0.48944238781017885,0,False
10,25,0,0,126.38400824295867,138.8598534964794,12.638400824295868,-70.84207468133484,8,True
10,25,0,1,85.72610071325471,87.10108556591226,8.572610071325471,-41.71912908305744,6,True
10,25,0,2,61.260536672742774,73.0453170855829,6.126053667274277,-28.983644440205513,3,True
10,25,3,0,90.4981593202847,97.21530373362256,9.04981593202847,-46.47636956866044,8,True
10,25,3,1,98.60384423331547,101.40508205819202,9.860384423331547,-57.0197874866068,6,True
10,25,3,2,96.08646810537745,104.8370917016239,9.608646810537746,-60.716406029222334,6,True
10,25,5,0,93.06841034868118,98.76818565630693,9.306841034868118,-51.31519855297899,15,True
10,25,5,1,60.24946350414349,64.9141099387715,6.024946350414349,-31.27285744285631,9,True
10,25,5,2,84.09007606883537,93.9807203428836,8.409007606883538,-46.81856862151267,3,True
10,25,10,0,79.92995748005384,94.4503370323932,7.992995748005384,-43.42386572507291,8,True
10,25,10,1,81.56234217075475,96.36503279060271,8.156234217075475,-44.015016415581115,15,True
10,25,10,2,93.45098098094002,101.53090016555731,9.345098098094002,-56.42865465198458,7,True
10,25,20,0,79.37106606783462,92.88216570461478,7.937106606783462,-48.50017126919671,19,True
10,25,20,1,82.24392689393704,93.37787355067567,8.224392689393705,-46.01564791796887,10,True
10,25,20,2,65.46046644059538,74.84294803826357,6.546046644059539,-39.6148370865389,10,True
10,25,30,0,76.43349113737223,85.5570386837349,7.643349113737223,-48.159417515740955,14,True
10,25,30,1,66.72864778644811,76.21802959686043,6.6728647786448105,-38.378464698496714,18,True
10,25,30,2,88.28326935402649,100.72279725332353,8.828326935402648,-52.198619551009145,13,True
10,25,50,0,94.4258066409433,103.55447851474898,9.442580664094331,-59.173092847878294,11,True
10,25,50,1,52.578174379956494,65.13328325494793,5.25781743799565,-27.70908280341777,16,True
10,25,50,2,60.90699718043139,70.41137910107821,6.090699718043139,-32.91457239039039,11,True
10,50,0,0,28.774213813857642,45.10684320906579,2.8774213813857643,-13.916392881794954,2,True
10,50,0,1,37.652452988391474,49.04428497465105,3.7652452988391474,-22.068327635752446,3,True
10,50,0,2,23.411746145336487,46.04428118965521,2.3411746145336485,-13.155608541792255,1,True
10,50,3,0,55.32996265002693,61.649981389061395,5.5329962650026925,-30.08438979779187,6,True
10,50,3,1,58.68365621317774,77.1904512765708,5.868365621317774,-33.25033202287192,4,True
10,50,3,2,40.60986437867995,54.789674265318865,4.060986437867995,-23.846043451891166,3,True
10,50,5,0,24.01396184211088,46.840744657534515,2.4013961842110882,-13.898814316773054,3,True
10,50,5,1,30.21759758300667,42.01583956148922,3.021759758300667,-16.911679347092402,1,True
10,50,5,2,31.076216706933074,47.75731459989889,3.1076216706933075,-18.36382775317251,5,True
10,50,10,0,25.94001803607964,35.71559965623561,2.5940018036079637,-15.597577628033257,0,False
10,50,10,1,31.16532716475743,45.91909907576481,3.116532716475743,-19.953342482292086,2,True
10,50,10,2,19.292554007144336,43.290041476674176,1.9292554007144336,-12.09361941604292,1,True
10,50,20,0,21.95672911805117,43.99353350930823,2.1956729118051173,-12.325555246651,2,True
10,50,20,1,16.059037960276903,31.150646685886592,1.6059037960276903,-10.296772012051106,0,False
10,50,20,2,24.232436077576338,39.096236633783505,2.423243607757634,-12.784672191946164,0,False
10,50,30,0,23.86820140419131,43.54544431465689,2.386820140419131,-13.448843954448119,4,True
10,50,30,1,25.194671436668305,38.25453896283899,2.5194671436668306,-13.121910151560746,0,False
10,50,30,2,36.36214266036884,55.542891841436315,3.636214266036884,-19.20488162340004,3,True
10,50,50,0,16.92969989330596,38.302266625788434,1.6929699893305958,-10.634796163871112,0,False
10,50,50,1,29.97298530008981,42.34148674600911,2.997298530008981,-15.510069106932429,2,True
10,50,50,2,21.98956782128149,37.6565374180027,2.198956782128149,-10.635184410401544,0,False
10,75,0,0,20.96464108509894,36.74689259786027,2.096464108509894,-11.227117006090264,0,False
10,75,0,1,21.400378061830523,37.554415629116875,2.1400378061830523,-10.124442057803998,0,False
10,75,0,2,10.419357539325215,36.24197367048019,1.0419357539325216,-5.545606098057425,0,False
10,75,3,0,13.456335084854882,36.989995327314396,1.3456335084854882,-7.838982661615785,1,True
10,75,3,1,15.989314851110432,35.866326178788725,1.5989314851110432,-9.675941078027412,0,False
10,75,3,2,10.49197769262453,33.25838587768254,1.049197769262453,-6.474316352300523,0,False
10,75,5,0,21.632854519448028,43.81845377517598,2.1632854519448026,-13.21284122720182,1,True
10,75,5,1,25.97492029661992,37.35896988140898,2.597492029661992,-15.902404027953423,1,True
10,75,5,2,11.748329987459128,34.6882112073299,1.1748329987459127,-5.969608824992503,0,False
10,75,10,0,9.019703766727973,33.181794359231304,0.9019703766727973,-4.498135318776166,0,False
10,75,10,1,13.223327575787785,38.10784645267239,1.3223327575787784,-8.162989430564096,1,True
10,75,10,2,13.40975764349303,33.247543372904644,1.340975764349303,-8.457526086100769,0,False
10,75,20,0,9.45557434428794,37.11141768323869,0.945557434428794,-5.7211971020119,0,False
10,75,20,1,13.557144268040503,33.09805830687047,1.3557144268040502,-8.400754226185164,0,False
10,75,20,2,9.941941328551259,40.02029205405586,0.9941941328551259,-6.224204050666479,1,True
10,75,30,0,11.383560433619861,33.39055001416795,1.1383560433619861,-7.393015390677546,0,False
10,75,30,1,9.518822626696384,35.50232763371595,0.9518822626696384,-5.980934763538037,0,False
10,75,30,2,9.086777958309595,30.7817532708138,0.9086777958309595,-5.230876472730241,0,False
10,75,50,0,14.003617117613755,41.19418923710125,1.4003617117613756,-8.879280260547578,1,True
10,75,50,1,8.77723006960197,31.775461494701744,0.877723006960197,-4.928208200252639,0,False
10,75,50,2,14.910484069973581,31.982315134715254,1.4910484069973582,-9.080250150916896,0,False
10,100,0,0,10.083118240522142,29.965885649189836,1.0083118240522142,-5.962127613278783,0,False
10,100,0,1,4.817803752226454,36.90957573401576,0.4817803752226454,-2.2953978099450065,1,True
10,100,0,2,8.514707850548941,44.21978501980429,0.8514707850548942,-4.378013308267864,0,False
10,100,3,0,5.93359275767267,32.27581348866731,0.593359275767267,-3.2274515979301213,0,False
10,100,3,1,5.660276977900381,34.940930319148976,0.566027697790038,-3.6104943185836325,0,False
10,100,3,2,10.490065831319429,38.51578684119229,1.0490065831319428,-6.038314270214231,1,True
10,100,5,0,4.969500157224003,32.79624550949059,0.4969500157224003,-2.4627515553286354,0,False
10,100,5,1,5.329004256035381,31.865649256788522,0.5329004256035381,-3.3078067210347637,0,False
10,100,5,2,7.116336736837967,31.300201495407762,0.7116336736837967,-4.149603894663867,0,False
10,100,10,0,6.564384166565247,32.24837742415332,0.6564384166565247,-4.215528625041802,0,False
10,100,10,1,4.4293903097259,34.83479002182467,0.44293903097258996,-2.588807642009239,0,False
10,100,10,2,7.365505686545539,38.344156783937215,0.7365505686545539,-4.396025137929216,0,False
10,100,20,0,4.474459292034632,38.17526333122318,0.44744592920346327,-2.332185085679375,0,False
10,100,20,1,6.60894287609843,31.818923514650237,0.660894287609843,-3.6288502404686422,0,False
10,100,20,2,5.585756585584241,33.38859949017181,0.5585756585584241,-2.8023478583142087,0,False
10,100,30,0,7.815443738592451,35.92758768738622,0.7815443738592451,-4.408782344766114,0,False
10,100,30,1,4.405761232443074,37.10506674043469,0.4405761232443074,-2.733573703522531,0,False
10,100,30,2,5.54894107805667,28.548419872898844,0.554894107805667,-3.2396500665711994,0,False
10,100,50,0,5.2310438997714135,34.22586010745922,0.5231043899771414,-2.720979549712199,0,False
10,100,50,1,6.72623039434691,31.21308240248726,0.672623039434691,-4.0978181384436905,0,False
10,100,50,2,9.521417416279501,32.9253123306707,0.9521417416279501,-5.362539168319263,0,False
10,150,0,0,3.305244565973151,31.686389596676143,0.3305244565973151,-1.9000991710561668,0,False
10,150,0,1,2.7874037189995127,32.740437711062114,0.27874037189995127,-1.4084793223517835,0,False
10,150,0,2,2.516396781403189,34.263454043626574,0.2516396781403189,-1.2704679286870175,0,False
10,150,3,0,2.2675571735724107,33.60041152180792,0.22675571735724107,-1.218462551988513,0,False
10,150,3,1,3.4235736669216656,33.10430917284436,0.34235736669216654,-1.9076916320714452,0,False
10,150,3,2,3.272091409504588,33.44024810621338,0.32720914095045883,-1.9588027993902413,0,False
10,150,5,0,2.134524814839641,33.38593691547651,0.2134524814839641,-1.0892069827105386,0,False
10,150,5,1,2.323111617265467,35.05823093722741,0.2323111617265467,-1.2846604459765656,0,False
10,150,5,2,2.5696054392776517,36.061708793427044,0.2569605439277652,-1.5125596034837199,0,False
10,150,10,0,2.496776157346451,34.22538343899218,0.24967761573464511,-1.5481762952056755,0,False
10,150,10,1,2.607173661814254,35.299929565412434,0.2607173661814254,-1.5868165867407005,0,False
10,150,10,2,1.369375945891256,33.36185525032342,0.1369375945891256,-0.8617151692632932,0,False
10,150,20,0,2.2163750444667754,36.633927525100944,0.22163750444667754,-1.3782984143792154,0,False
10,150,20,1,2.950657068129229,32.12235654510512,0.2950657068129229,-1.8571978169992924,0,False
10,150,20,2,3.590846958583377,32.08488822459421,0.3590846958583377,-2.1114943954214294,0,False
10,150,30,0,2.607294617860812,37.10197119754926,0.2607294617860812,-1.5718477415817595,0,False
10,150,30,1,2.3004941825349325,29.96367480160167,0.23004941825349326,-1.4583351939429414,0,False
10,150,30,2,2.0297136708814305,32.73183445911233,0.20297136708814306,-1.2506828981663387,0,False
10,150,50,0,2.967058159978159,35.64371914800449,0.29670581599781587,-1.5365122443081023,0,False
10,150,50,1,1.6076839726444456,30.891717574322932,0.16076839726444456,-0.7881501091035799,0,False
10,150,50,2,2.2454309803140697,36.059938022528385,0.22454309803140698,-1.2431766402819615,0,False
10,200,0,0,0.9029433672982037,37.95792156295369,0.09029433672982037,-0.5606122381051448,0,False
10,200,0,1,3.5978172593981634,35.84543771923512,0.35978172593981633,-2.065396671502592,0,False
10,200,0,2,2.1206228139162278,32.36357483058734,0.21206228139162278,-1.1608795312860565,0,False
10,200,3,0,2.212174801534616,35.48495086631985,0.2212174801534616,-1.0916577443083257,0,False
10,200,3,1,1.0482468066303992,38.2839900649123,0.10482468066303992,-0.6759104625797306,0,False
10,200,3,2,0.9938996112942616,32.28535666633897,0.09938996112942616,-0.6073407561668108,0,False
10,200,5,0,0.8555089211391156,33.55725261475647,0.08555089211391156,-0.4417206698532262,0,False
10,200,5,1,1.2073573313960346,35.14216645002523,0.12073573313960347,-0.681550433862762,0,False
10,200,5,2,1.157176583134507,32.785494715446745,0.11571765831345071,-0.6223930980235289,0,False
10,200,10,0,0.9188108781092313,31.395758786544583,0.09188108781092313,-0.46905738058343327,0,False
10,200,10,1,1.3884512960774096,32.25171065490788,0.13884512960774095,-0.7194314017329337,0,False
10,200,10,2,0.8818919313980365,34.55950952745954,0.08818919313980364,-0.4586064264994142,0,False
10,200,20,0,1.2422094053861215,38.55899020089039,0.12422094053861214,-0.7866256608423534,1,True
10,200,20,1,1.1704263794714724,32.70884532810279,0.11704263794714724,-0.7064877641220937,0,False
10,200,20,2,1.1248784512247474,29.678236479161505,0.11248784512247474,-0.5695362758526881,0,False
10,200,30,0,1.4713031811915007,33.33545041594951,0.14713031811915006,-0.8602519832578301,0,False
10,200,30,1,1.2928047566539291,30.067615566539175,0.1292804756653929,-0.7294458307956041,0,False
10,200,30,2,1.1623527472544966,33.028735422955876,0.11623527472544966,-0.726282421794088,0,False
10,200,50,0,1.547051157973856,35.79740042689812,0.1547051157973856,-0.9270695025279587,0,False
10,200,50,1,1.7475253613260326,35.74034505173987,0.17475253613260328,-1.0946827199657592,0,False
10,200,50,2,1.181551324183788,33.328289319966466,0.1181551324183788,-0.6531276496169036,0,False
25,25,0,0,222.12571535202125,231.6411349090423,22.212571535202123,-101.20499349461102,5,True
25,25,0,1,120.12455392494552,132.10727196510044,12.012455392494552,-55.849437798928676,6,True
25,25,0,2,148.52109272057518,170.193135921349,14.852109272057518,-69.83444767657801,7,True
25,25,3,0,156.28816613497605,167.57024745611926,15.628816613497605,-74.44140367098558,8,True
25,25,3,1,167.65214593429954,176.58347983485322,16.765214593429953,-95.90248115616649,8,True
25,25,3,2,120.88410850433499,126.19563396473767,12.0884108504335,-54.983930324484355,6,True
25,25,5,0,89.98046832728201,96.38524686954045,8.998046832728201,-49.80954563501926,14,True
25,25,5,1,143.51020827948346,158.71420181285526,14.351020827948346,-77.77105586801744,12,True
25,25,5,2,113.32282890739225,126.17262344656218,11.332282890739226,-65.62462074175374,15,True
25,25,10,0,67.6723180373398,81.01518719325502,6.7672318037339805,-38.234860526730984,24,True
25,25,10,1,104.64829692374346,125.72451589101686,10.464829692374346,-54.671115228700195,17,True
25,25,10,2,98.29366137181844,109.24065648245951,9.829366137181845,-55.603323309941466,24,True
25,25,20,0,109.94427650378162,121.85253741932411,10.994427650378162,-67.53726717658158,17,True
25,25,20,1,76.62518004851563,89.38092812325104,7.662518004851563,-37.391952649502265,28,True
25,25,20,2,167.53377571343168,174.46344935773885,16.75337757134317,-103.66844446261531,29,True
25,25,30,0,69.71018570307275,77.67574546022783,6.971018570307275,-37.63230048066883,29,True
25,25,30,1,129.8998979743322,140.68478780437266,12.98998979743322,-79.5931786588782,25,True
25,25,30,2,114.19369092702934,118.6965208282941,11.419369092702933,-60.00155752027851,26,True
25,25,50,0,118.46512378545293,134.3647006413389,11.846512378545293,-66.79614251088515,23,True
25,25,50,1,147.13539725730706,155.9875635907611,14.713539725730707,-90.39459165781807,32,True
25,25,50,2,101.6809681163922,109.69597619908555,10.16809681163922,-52.96987188591268,17,True
25,50,0,0,81.87736866653219,84.32645868753254,8.18773686665322,-44.95831075891341,6,True
25,50,0,1,57.966571364671765,74.8368367368054,5.796657136467177,-33.40797661755332,2,True
25,50,0,2,97.68276862388566,108.00578039431753,9.768276862388566,-56.26672622884054,4,True
25,50,3,0,43.87673861161413,57.014509570286734,4.387673861161413,-20.043973611952623,4,True
25,50,3,1,71.98929558408408,78.73140888220493,7.198929558408407,-35.14292030597551,7,True
25,50,3,2,43.22724872958348,52.537736821461834,4.322724872958348,-23.278618996947788,4,True
25,50,5,0,28.89224699039761,43.099801121197984,2.8892246990397608,-13.846719577434339,1,True
25,50,5,1,49.69840058886349,57.191235411453704,4.96984005888635,-24.62013129258456,8,True
25,50,5,2,42.284760884036736,57.09866858474804,4.228476088403673,-19.152581039914505,4,True
25,50,10,0,40.983861541053514,61.33387093977768,4.098386154105351,-21.78619179849994,5,True
25,50,10,1,39.97167352507465,55.2596252628593,3.997167352507465,-24.27536930246795,7,True
25,50,10,2,46.243950300153834,68.39878098469273,4.624395030015384,-26.250847571827407,9,True
25,50,20,0,57.20676647184251,67.84587918010996,5.720676647184251,-32.934303639565904,5,True
25,50,20,1,31.633448494531336,51.077577371210815,3.1633448494531335,-18.62550562743418,6,True
25,50,20,2,38.24212896267973,51.933765424956896,3.824212896267973,-23.414166978810034,7,True
25,50,30,0,47.194370635740036,64.66583793332731,4.719437063574004,-29.703261942795116,2,True
25,50,30,1,42.79728291643306,49.997952467518175,4.279728291643306,-23.805874651308166,12,True
25,50,30,2,30.40707623692236,48.060921308706284,3.040707623692236,-16.353705150842874,2,True
25,50,50,0,50.83733277641282,64.69186342974504,5.083733277641282,-27.89673886186866,4,True
25,50,50,1,46.510851416394914,56.58875007259466,4.651085141639491,-29.44233388521025,2,True
25,50,50,2,31.119827792027152,54.841556740504174,3.111982779202715,-18.110275693488177,7,True
25,75,0,0,31.486503766305844,40.37846160758036,3.1486503766305844,-16.48001715319802,1,True
25,75,0,1,21.310973351025005,36.74858109416954,2.1310973351025004,-11.39655581387697,0,False
25,75,0,2,28.245957973801985,42.54258835759485,2.8245957973801987,-14.672344596209065,1,True
25,75,3,0,24.428121210217043,39.63961778292069,2.442812121021704,-13.815385915312733,1,True
25,75,3,1,16.58692023553632,33.98765969741801,1.6586920235536318,-8.621707466102112,0,False
25,75,3,2,18.742710731512148,38.87099867058372,1.8742710731512147,-10.04987668823195,1,True
25,75,5,0,13.63498886099661,34.48075863957365,1.363498886099661,-7.698150540309117,0,False
25,75,5,1,28.03070218292816,40.15193533124801,2.8030702182928158,-14.12930811831387,1,True
25,75,5,2,20.32327353576077,37.68893253612656,2.032327353576077,-10.99172722624335,2,True
25,75,10,0,19.133712713554303,37.15156165965746,1.9133712713554303,-9.843008748072242,0,False
25,75,10,1,15.743348640167891,34.85897431900709,1.5743348640167891,-8.750630259235322,0,False
25,75,10,2,16.318815192420253,35.16677732919173,1.6318815192420253,-9.6964664966405,0,False
25,75,20,0,10.276407589681298,37.37599842891864,1.0276407589681298,-5.882118981000101,0,False
25,75,20,1,13.121716380820828,39.64978271751934,1.312171638082083,-7.216406804135409,1,True
25,75,20,2,13.870051632692201,38.31572439934756,1.3870051632692202,-7.39332309937577,0,False
25,75,30,0,12.102196862612832,37.4908565573432,1.2102196862612833,-6.398929099449306,0,False
25,75,30,1,24.896890703722917,38.20079194131026,2.489689070372292,-15.350674590149836,0,False
25,75,30,2,12.513892481612185,36.226225107185186,1.2513892481612185,-6.515172035650155,0,False
25,75,50,0,12.861733011234497,36.60173213707009,1.2861733011234497,-7.356395348337089,1,True
25,75,50,1,22.7373125623847,41.530192783229296,2.27373125623847,-12.981492610914566,2,True
25,75,50,2,24.87840408927723,39.04293198106146,2.487840408927723,-13.013391509321556,1,True
25,100,0,0,13.044261251712882,35.203497881196604,1.3044261251712883,-7.870169667855015,1,True
25,100,0,1,17.156965617378205,34.45684742078913,1.7156965617378206,-8.175407179331925,0,False
25,100,0,2,14.602045579143995,38.59880167203952,1.4602045579143996,-8.898893763323537,1,True
25,100,3,0,11.28620802300144,31.60850681604299,1.1286208023001438,-5.4060200005614645,0,False
25,100,3,1,9.74535892688214,35.226274970050525,0.9745358926882141,-5.3138295789931025,0,False
25,100,3,2,17.604071697199206,33.51413720211451,1.7604071697199206,-9.834777481852477,0,False
25,100,5,0,8.488788404469851,33.82175998760159,0.8488788404469851,-4.681914981487907,0,False
25,100,5,1,14.200934978404284,35.52791661489032,1.4200934978404285,-6.540555783251675,0,False
25,100,5,2,8.893586697531553,31.144194921504422,0.8893586697531554,-5.226359470247038,0,False
25,100,10,0,9.599897650710833,33.11312376196018,0.9599897650710834,-5.401537137808618,0,False
25,100,10,1,10.023132012254191,34.52453863801665,1.002313201225419,-5.835489397960973,0,False
25,100,10,2,11.664442048937637,31.840541087999547,1.1664442048937638,-7.001972521711952,0,False
25,100,20,0,7.457735223266044,33.683026202610186,0.7457735223266044,-4.386635028421809,0,False
25,100,20,1,8.36276344854878,33.43500975756292,0.836276344854878,-4.389313529645754,0,False
25,100,20,2,9.622861327746525,36.25881156088276,0.9622861327746526,-5.856072663150795,0,False
25,100,30,0,7.737786130896996,34.75596859111802,0.7737786130896996,-4.483486785009562,0,False
25,100,30,1,7.087860511984414,33.417194494000825,0.7087860511984414,-3.426890611472903,0,False
25,100,30,2,6.607771213928215,32.15664796739707,0.6607771213928215,-4.109594167545511,0,False
25,100,50,0,9.472562817368424,39.81300988510837,0.9472562817368424,-5.55383915685729,1,True
25,100,50,1,13.282074024248974,38.01901365750808,1.3282074024248973,-7.14061811043923,0,False
25,100,50,2,14.314124297948908,36.68614392999365,1.4314124297948907,-7.425329492534328,0,False
25,150,0,0,4.967338510105025,36.059275148751695,0.4967338510105025,-2.4775317546599678,0,False
25,150,0,1,4.324468071569994,32.05360994397013,0.4324468071569994,-2.38097064900681,0,False
25,150,0,2,4.768316085675386,31.977858970944677,0.47683160856753865,-2.340479114548542,0,False
25,150,3,0,5.65227422716413,39.90408268770251,0.565227422716413,-3.232511213474913,0,False
25,150,3,1,3.113699721476916,37.769421578502616,0.3113699721476916,-1.7599209803656006,0,False
25,150,3,2,4.026657634450287,34.482146507634624,0.4026657634450287,-2.160969410968056,0,False
25,150,5,0,3.256293209372161,38.43981036696239,0.3256293209372161,-2.0130341984683775,0,False
25,150,5,1,4.966021996553064,36.71542245211535,0.4966021996553064,-2.7710478656384785,0,False
25,150,5,2,3.3483704476339575,31.199265645270557,0.33483704476339576,-1.8104399544360967,0,False
25,150,10,0,5.423013857093917,32.62074072997122,0.5423013857093917,-3.1964269774694394,0,False
25,150,10,1,3.3431968480587875,32.14182262531507,0.33431968480587876,-1.9349875992381105,0,False
25,150,10,2,2.5612579603443884,30.23080161791516,0.25612579603443886,-1.3502090481354951,0,False
25,150,20,0,3.7184267109075817,31.63148351398287,0.3718426710907582,-2.2357570886704843,0,False
25,150,20,1,3.5502687244384887,32.005312181353844,0.3550268724438489,-2.2345692347307455,0,False
25,150,20,2,3.1192842461691233,34.25892977562346,0.31192842461691234,-1.7155224425275573,0,False
25,150,30,0,2.9612544859378325,31.49103645317539,0.29612544859378326,-1.4782388224991638,0,False
25,150,30,1,2.0640654175186333,32.884606685173,0.20640654175186332,-1.1272630926684375,0,False
25,150,30,2,2.46228506103047,33.93239837998132,0.246228506103047,-1.382915405166378,0,False
25,150,50,0,3.6548582986103373,33.84434721386131,0.36548582986103373,-2.5212215515612426,0,False
25,150,50,1,2.7035070505518135,35.351768331138366,0.27035070505518133,-1.6165045623904204,0,False
25,150,50,2,3.35895024366146,36.59759076015709,0.335895024366146,-2.0361905297337324,1,True
25,200,0,0,3.160355710465102,34.883198411108566,0.3160355710465102,-1.4145001250684255,0,False
25,200,0,1,4.035097570128683,34.678225293993144,0.40350975701286834,-2.3911470173297027,0,False
25,200,0,2,2.555800298125947,32.82387571742033,0.2555800298125947,-1.3599486426819367,0,False
25,200,3,0,1.1299849433894424,36.12835649818082,0.11299849433894424,-0.6245299461902856,0,False
25,200,3,1,3.45710709732926,35.60473092519017,0.345710709732926,-1.558930725533643,0,False
25,200,3,2,2.75833125295683,32.139913347795286,0.275833125295683,-1.2135955133819356,0,False
25,200,5,0,1.828780476121968,33.63988862891213,0.18287804761219678,-0.9950957733745665,0,False
25,200,5,1,2.8595250889184323,31.052368386521124,0.2859525088918432,-1.633211185311699,0,False
25,200,5,2,2.1104406942232945,33.16561958296599,0.21104406942232945,-1.1149408349513468,0,False
25,200,10,0,1.465034239512268,29.718680140323166,0.14650342395122679,-0.8074405235811573,0,False
25,200,10,1,2.142866373387066,31.435532931967515,0.2142866373387066,-1.0692032410936299,0,False
25,200,10,2,1.861346991308016,36.73018732367049,0.1861346991308016,-1.0863059543678535,0,False
25,200,20,0,1.880517259670541,33.46112025663084,0.1880517259670541,-1.0962171069658915,0,False
25,200,20,1,2.692199521653949,29.492341236871646,0.2692199521653949,-1.556812395175258,0,False
25,200,20,2,1.7198960978720912,32.26235692779498,0.17198960978720912,-0.8670641527738858,0,False
25,200,30,0,1.8450918305910946,36.69113452939709,0.18450918305910946,-1.0557922276277203,0,False
25,200,30,1,2.499127155876847,32.392163560573074,0.24991271558768471,-1.548536018740122,0,False
25,200,30,2,1.4798169524203888,36.978640293536486,0.14798169524203889,-0.7489425815503051,0,False
25,200,50,0,2.954643023889969,35.99606563593343,0.2954643023889969,-1.3274648268914244,0,False
25,200,50,1,2.386664154773529,29.752636759367086,0.23866641547735287,-1.283011522494483,0,False
25,200,50,2,1.5313748562133425,29.575643802047765,0.15313748562133425,-0.842166582097307,0,False
50,25,0,0,119.94160701708189,131.09743621569368,11.99416070170819,-71.60149706537031,9,True
50,25,0,1,509.8896981324553,515.5238457512105,50.98896981324553,-287.92699141304894,5,True
50,25,0,2,374.4488800150622,380.89019008795015,37.444888001506214,-229.6162009480041,9,True
50,25,3,0,264.28867805940655,274.684555068096,26.428867805940655,-125.93133092826453,13,True
50,25,3,1,181.88436953056893,185.63860295132446,18.188436953056893,-84.02261565549475,13,True
50,25,3,2,168.07798515589232,182.36745231741423,16.807798515589234,-79.43362322739188,7,True
50,25,5,0,145.30365869157413,154.87850195976637,14.530365869157412,-81.30872422944168,16,True
50,25,5,1,164.594789092212,175.5187510899459,16.4594789092212,-84.8564655679452,15,True
50,25,5,2,261.67607234164717,265.09020090880443,26.167607234164716,-120.11001602440211,13,True
50,25,10,0,169.98351245301228,179.79775360393904,16.99835124530123,-85.7582093135089,20,True
50,25,10,1,148.49287682058372,161.62562683776736,14.849287682058371,-74.69522316601426,30,True
50,25,10,2,163.16151533031393,172.7392856701215,16.316151533031395,-93.98440961965454,24,True
50,25,20,0,108.88735679145381,118.18385779577827,10.88873567914538,-59.06967087288446,44,True
50,25,20,1,144.29682355351048,161.30286361971127,14.429682355351048,-80.75869677404027,26,True
50,25,20,2,133.43580962826675,143.525868870843,13.343580962826675,-73.30885982565113,27,True
50,25,30,0,153.42499329517815,160.36695811346772,15.342499329517816,-65.51391641753816,31,True
50,25,30,1,164.6092508810127,179.93996028020837,16.46092508810127,-97.26425597186388,33,True
50,25,30,2,173.76037377583052,181.30828409226336,17.376037377583053,-101.92898714342138,35,True
50,25,50,0,209.39565049420497,208.13825830658848,20.939565049420498,-104.29580972189127,36,True
50,25,50,1,209.7948059799593,218.00160992225074,20.97948059799593,-126.34845741368264,41,True
50,25,50,2,172.97910337767496,183.46755075157307,17.297910337767497,-89.50473054773197,37,True
50,50,0,0,124.55107322716096,131.14187967560633,12.455107322716096,-60.34984281671511,5,True
50,50,0,1,159.5320735743892,166.13423767402406,15.953207357438918,-81.4497564261969,7,True
50,50,0,2,70.88937768798542,80.59857796389787,7.088937768798542,-35.360332280020216,6,True
50,50,3,0,83.6253163624874,96.35348714552563,8.36253163624874,-48.73565664235138,10,True
50,50,3,1,81.7345637158833,101.90368085729288,8.17345637158833,-33.76347283455583,5,True
50,50,3,2,59.17129945452264,70.5501817415231,5.917129945452264,-33.409819718478026,9,True
50,50,5,0,56.9886192390915,61.347237288870545,5.69886192390915,-30.943485948013908,9,True
50,50,5,1,69.3536508410161,83.60941357149518,6.93536508410161,-33.81151064216491,14,True
50,50,5,2,97.28511209332697,109.86853129531099,9.728511209332698,-55.16466015076827,11,True
50,50,10,0,46.616662999496754,59.41594761111712,4.661666299949675,-26.758195467385693,11,True
50,50,10,1,49.60053285685389,55.074067293966415,4.9600532856853885,-26.86661543220094,12,True
50,50,10,2,59.63136425289734,73.38610989122415,5.9631364252897345,-34.21359152401596,17,True
50,50,20,0,72.9328205496055,85.25870067861501,7.2932820549605495,-35.34853427895257,12,True
50,50,20,1,58.37221714450461,73.19565624395116,5.837221714450461,-36.08973093453299,12,True
50,50,20,2,46.99099228082539,56.828900174936656,4.699099228082539,-28.232706642288434,12,True
50,50,30,0,54.64097882013521,74.20600574871901,5.464097882013521,-30.70070546679183,12,True
50,50,30,1,45.167152615609304,61.04801825941417,4.516715261560931,-27.547054442378567,11,True
50,50,30,2,53.08146451972523,56.70567871243692,5.308146451972523,-29.66283629896968,9,True
50,50,50,0,102.64307030112319,116.31343269124375,10.264307030112318,-60.68101443092169,13,True
50,50,50,1,53.015573780879734,60.01859908818554,5.301557378087973,-30.66471142256532,3,True
50,50,50,2,69.42430332187965,80.94236966794716,6.942430332187965,-32.49514788026894,7,True
50,75,0,0,45.1351621885752,52.356814679585014,4.51351621885752,-19.97535153734599,7,True
50,75,0,1,36.75964054193466,52.007770377335525,3.6759640541934657,-17.149772094666055,1,True
50,75,0,2,42.62025659817736,49.92798165719219,4.262025659817736,-24.567479103891735,2,True
50,75,3,0,32.944541677680974,47.92330714618928,3.294454167768097,-16.938001652403226,2,True
50,75,3,1,17.63472753980067,32.80377759249214,1.7634727539800672,-8.638597621045406,0,False
50,75,3,2,25.43211334709406,42.8729877142185,2.543211334709406,-14.025270036822995,1,True
50,75,5,0,27.300906420695338,44.970074906203045,2.7300906420695337,-16.71273569093993,2,True
50,75,5,1,28.613871931131257,43.127215411550175,2.8613871931131256,-13.268155762402369,0,False
50,75,5,2,31.71067546008713,51.590383836538024,3.171067546008713,-15.080257417793439,4,True
50,75,10,0,17.741666374943726,38.750573862678415,1.7741666374943725,-10.207222162600981,1,True
50,75,10,1,35.117350925063064,55.242179466283886,3.5117350925063064,-20.24845302316722,6,True
50,75,10,2,25.72330560067929,39.04784335870589,2.572330560067929,-13.083188726063167,0,False
50,75,20,0,27.901376528668937,38.72785908082166,2.7901376528668935,-13.987172110677049,0,False
50,75,20,1,17.95895796470102,33.55537133301042,1.7958957964701021,-9.706123126386865,0,False
50,75,20,2,23.097606662702848,38.493181581125626,2.309760666270285,-12.912983224186046,0,False
50,75,30,0,29.10114654959076,41.90496828822875,2.910114654959076,-13.931648361869353,1,True
50,75,30,1,16.694937583834665,43.59781665644063,1.6694937583834666,-9.110479023140126,1,True
50,75,30,2,19.091283650052688,42.6688620840373,1.9091283650052688,-8.815877501150505,1,True
50,75,50,0,37.253488776645,49.5700544485472,3.7253488776645,-17.857842257646315,4,True
50,75,50,1,29.473992767240752,48.421462921477755,2.947399276724075,-16.592837430078415,1,True
50,75,50,2,31.255092680233638,44.15638832865435,3.1255092680233636,-16.861241367755834,1,True
50,100,0,0,15.64623712079445,33.905365828261665,1.5646237120794448,-8.4725807315413,0,False
50,100,0,1,14.518189453763569,31.624770954030023,1.4518189453763568,-7.641146972477738,0,False
50,100,0,2,28.035907702155804,43.169910308046106,2.8035907702155805,-14.181346960991652,1,True
50,100,3,0,26.167847738303415,45.36214096159362,2.6167847738303416,-13.807372483210559,0,False
50,100,3,1,9.632730865119134,33.44598372025543,0.9632730865119135,-5.444438119951185,0,False
50,100,3,2,19.208748497968966,40.42201976028764,1.9208748497968966,-12.232438126692715,1,True
50,100,5,0,13.039234535737952,34.63692518672869,1.3039234535737951,-7.8275233814920435,1,True
50,100,5,1,14.019749015819897,35.03216841875037,1.4019749015819898,-7.389077305120402,0,False
50,100,5,2,9.507856585847644,33.72562665386823,0.9507856585847645,-4.889287677200872,0,False
50,100,10,0,12.413422768962185,38.97734498290661,1.2413422768962186,-6.7643634557606624,1,True
50,100,10,1,8.46571737427995,31.917230967025255,0.8465717374279951,-5.021557763382832,0,False
50,100,10,2,12.451317853899447,35.35315941110419,1.2451317853899446,-6.041745129808275,0,False
50,100,20,0,9.958878623367692,34.16923982984477,0.9958878623367692,-5.701746819201552,0,False
50,100,20,1,10.93799599202826,33.88272581934942,1.093799599202826,-5.683356926308339,0,False
50,100,20,2,13.790796466455298,32.60693587349891,1.3790796466455297,-7.59428022405817,0,False
50,100,30,0,9.492792393655126,29.53652369936324,0.9492792393655126,-5.768487090268425,0,False
50,100,30,1,9.143686522499953,39.17829585886021,0.9143686522499953,-4.238075072750533,1,True
50,100,30,2,10.083567100747754,36.4975374708114,1.0083567100747755,-4.9329882160438405,1,True
50,100,50,0,15.121082776283375,33.29805741249851,1.5121082776283374,-9.32932500632165,0,False
50,100,50,1,12.405131258614096,32.92043314406891,1.2405131258614097,-6.585157676070642,0,False
50,100,50,2,10.240806444910639,35.20865257997133,1.024080644491064,-5.042655783272103,0,False
50,150,0,0,8.614523871589647,35.32626257260277,0.8614523871589647,-4.694621450128931,0,False
50,150,0,1,9.826490886812259,35.43885204341376,0.9826490886812259,-5.084252397145802,0,False
50,150,0,2,8.986044346112745,30.476381176808427,0.8986044346112745,-5.1484908978944315,0,False
50,150,3,0,4.726831053575995,34.61131305237252,0.4726831053575995,-2.9212604699552087,0,False
50,150,3,1,5.978030854449532,30.417416238576955,0.5978030854449532,-3.2731438193829887,0,False
50,150,3,2,6.8570749278779575,33.26199080405841,0.6857074927877957,-3.2406871891178195,0,False
50,150,5,0,6.311800305109199,28.045745580802155,0.6311800305109199,-3.2291918210850263,0,False
50,150,5,1,4.812658159545681,33.261645571576764,0.48126581595456813,-2.5061007177833687,0,False
50,150,5,2,5.226369457777546,35.65396805861626,0.5226369457777545,-2.761418368180369,0,False
50,150,10,0,2.5503704887148975,32.324522900289864,0.25503704887148976,-1.342198204130215,0,False
50,150,10,1,3.674196456671467,32.35412063631929,0.3674196456671467,-1.8693468737471712,0,False
50,150,10,2,4.605785777594576,39.427970885653124,0.46057857775945765,-2.510004436678906,1,True
50,150,20,0,3.4968964746917983,33.06735973857586,0.34968964746917985,-2.1869702526458905,0,False
50,150,20,1,5.005875401770577,34.18605001015184,0.5005875401770578,-2.802898093810214,0,False
50,150,20,2,2.8697023954737455,30.270545191763297,0.28697023954737455,-1.5000614108801926,0,False
50,150,30,0,3.387915783239489,32.20293589106451,0.3387915783239489,-1.8683638708519985,0,False
50,150,30,1,6.205694847099213,33.78486038656993,0.6205694847099213,-3.4489393090942575,0,False
50,150,30,2,3.284197445631424,31.701123069942973,0.3284197445631424,-2.204957011215537,0,False
50,150,50,0,8.293023455515282,34.0929694412645,0.8293023455515283,-4.293716009330228,0,False
50,150,50,1,4.3953853032722385,37.83732506496781,0.43953853032722384,-2.2609988389250875,0,False
50,150,50,2,5.195673569614214,32.178957779898354,0.5195673569614214,-2.7427295719222964,0,False
50,200,0,0,6.656866746451982,33.726458935054524,0.6656866746451982,-3.4686461202999084,0,False
50,200,0,1,5.476167555646706,33.10737813467422,0.5476167555646706,-2.479646439711987,0,False
50,200,0,2,5.138651298290088,34.233739294215866,0.5138651298290088,-3.1825639686630725,0,False
50,200,3,0,3.765076082286937,35.162383290746334,0.37650760822869367,-2.0231158247652785,0,False
50,200,3,1,5.384159550814022,39.90060526582492,0.5384159550814023,-2.9951731277127966,0,False
50,200,3,2,2.8094365447117604,34.40045061625105,0.28094365447117603,-1.4024471802018639,0,False
50,200,5,0,2.2818665605803456,31.368884332291554,0.22818665605803456,-1.128001908233975,0,False
50,200,5,1,3.429024935357904,32.19600101486828,0.3429024935357904,-1.7529156094056357,0,False
50,200,5,2,2.137731288890718,32.20231943334356,0.2137731288890718,-1.1723343081372466,0,False
50,200,10,0,2.0894694444617685,32.997522098804886,0.20894694444617684,-1.183640582689222,0,False
50,200,10,1,1.9115856273242637,33.40293176975471,0.19115856273242637,-1.0007598770284083,0,False
50,200,10,2,2.277996705619886,37.081336145867915,0.2277996705619886,-1.1559500570791623,0,False
50,200,20,0,2.235040033492698,33.12223356923964,0.22350400334926981,-1.2282783708471154,0,False
50,200,20,1,2.066271282105017,30.317232210992035,0.20662712821050172,-1.194085272065675,0,False
50,200,20,2,2.507152256575898,33.625489407920945,0.2507152256575898,-1.4493033839654512,0,False
50,200,30,0,1.9126549720319308,30.41981095661255,0.19126549720319308,-1.0593751330660004,0,False
50,200,30,1,3.027307809283422,33.91779854754034,0.3027307809283422,-1.609317242242055,0,False
50,200,30,2,3.3365625543921325,36.200933369871656,0.33365625543921323,-1.964283576969327,0,False
50,200,50,0,2.4857581116052785,32.91809230663739,0.24857581116052785,-1.384104977505682,0,False
50,200,50,1,3.22108625234762,32.0544520796802,0.32210862523476197,-1.9279536459130626,0,False
50,200,50,2,2.8762199873554786,40.56042307740462,0.28762199873554783,-1.7164611161545245,1,True
100,25,0,0,399.4079935112654,405.1606819885987,39.940799351126536,-214.74012462594968,11,True
100,25,0,1,367.0428713218322,381.2568687826414,36.70428713218322,-202.3510080458089,6,True
100,25,0,2,547.7107878098628,559.856306436001,54.77107878098629,-325.9278619144885,7,True
100,25,3,0,216.74148017933254,215.36356043166813,21.674148017933256,-96.60701518504541,12,True
100,25,3,1,253.24869435060717,275.31288881957573,25.324869435060716,-123.44216733089735,10,True
100,25,3,2,155.4545893452363,170.24881907331462,15.545458934523628,-81.82430010887046,12,True
100,25,5,0,254.87024410139205,261.5607926000281,25.487024410139206,-130.7698101679892,11,True
100,25,5,1,393.658618562272,400.7043977948616,39.3658618562272,-200.5740585940415,12,True
100,25,5,2,228.76924979438374,229.62478551935624,22.876924979438375,-120.20682832239021,15,True
100,25,10,0,212.64654862901995,222.84200259821384,21.264654862901995,-102.8878008604187,33,True
100,25,10,1,197.84691610013593,202.77857827722443,19.784691610013592,-95.70362642508042,22,True
100,25,10,2,299.0441437692541,308.2370130672125,29.90441437692541,-164.43636792590712,21,True
100,25,20,0,129.14500058131804,140.48300421496123,12.914500058131804,-75.57946715518548,36,True
100,25,20,1,229.83432077936607,242.3214398349876,22.983432077936605,-125.95795806643422,42,True
100,25,20,2,136.33337288813195,150.3607528937242,13.633337288813195,-77.67437072672755,44,True
100,25,30,0,164.0491538919737,178.20280857778098,16.40491538919737,-93.83587304925575,47,True
100,25,30,1,128.39724753593123,133.96048623308252,12.839724753593122,-72.1872855761657,43,True
100,25,30,2,167.8065038168682,172.50608778241994,16.78065038168682,-88.40431841762579,41,True
100,25,50,0,182.13968223922421,192.69705237779124,18.21396822392242,-81.86491790055274,60,True
100,25,50,1,375.17964558893965,377.1329402847284,37.517964558893965,-214.91368831383957,51,True
100,25,50,2,165.40185941303415,174.1041576293121,16.540185941303413,-72.58353622768685,44,True
100,50,0,0,126.56378711718338,130.0416419335059,12.656378711718338,-71.5674793891706,9,True
100,50,0,1,120.18690216390738,126.66607340760291,12.018690216390738,-65.4683385154666,7,True
100,50,0,2,120.17723936903434,126.40318085903371,12.017723936903433,-62.82190493523865,6,True
100,50,3,0,67.83909383284931,76.6079979787028,6.783909383284931,-39.612740012901895,5,True
100,50,3,1,86.00494818724621,103.34403996077029,8.600494818724622,-42.47505493129216,6,True
100,50,3,2,98.62023404825695,107.48457487528466,9.862023404825695,-43.068679847279846,4,True
100,50,5,0,84.84942743836984,100.03695094572102,8.484942743836985,-43.201911442193044,16,True
100,50,5,1,80.0717111404886,94.17513468922736,8.00717111404886,-37.49780256064579,13,True
100,50,5,2,156.37085225422243,157.22395229499108,15.637085225422243,-87.76872407800899,13,True
100,50,10,0,90.98850049652287,107.49303618126095,9.098850049652288,-48.75131741412217,13,True
100,50,10,1,59.28768255745229,76.22093393753593,5.928768255745229,-33.67315244638126,25,True
100,50,10,2,49.26903631686345,60.73097134794436,4.926903631686345,-27.253739987054022,15,True
100,50,20,0,45.71508223895438,61.9822165047775,4.571508223895438,-20.977524937325917,20,True
100,50,20,1,56.224601730240025,72.4880599276168,5.6224601730240025,-30.700870109981118,16,True
100,50,20,2,57.063500824828225,73.29800359898033,5.706350082482823,-27.781866467155748,17,True
100,50,30,0,126.89642980485758,135.25368697025812,12.689642980485758,-61.31727555630838,21,True
100,50,30,1,73.0909816457644,80.2809832151814,7.30909816457644,-36.85443970541275,27,True
100,50,30,2,56.31350858355294,68.08428382873001,5.631350858355294,-32.117895802160845,25,True
100,50,50,0,98.81781306628093,116.07908337353479,9.881781306628094,-56.005481334140036,19,True
100,50,50,1,85.0694248244013,100.23085148009883,8.50694248244013,-40.59177226040846,16,True
100,50,50,2,56.01140463393533,70.68422025814971,5.601140463393532,-29.944186352192737,21,True
100,75,0,0,61.682900644221846,64.82155394262772,6.168290064422185,-31.572644537269078,7,True
100,75,0,1,80.48558936084288,93.639569026881,8.048558936084287,-39.91360616711976,5,True
100,75,0,2,52.40052181776503,66.4242316224771,5.240052181776504,-25.197981666632,8,True
100,75,3,0,25.755741756029558,42.62937555865575,2.5755741756029558,-15.357023843915528,3,True
100,75,3,1,28.518780500375783,39.40991429946633,2.851878050037578,-15.57851524157245,5,True
100,75,3,2,72.30934556128855,87.90805888959395,7.230934556128855,-35.05695152389277,4,True
100,75,5,0,32.723758933575596,45.15751900984475,3.2723758933575597,-17.227902885859372,1,True
100,75,5,1,41.70485395267913,56.135417379701536,4.170485395267913,-21.430242406824085,3,True
100,75,5,2,40.910436752605676,49.59638190819917,4.0910436752605674,-23.114100010668967,2,True
100,75,10,0,24.425643874812195,41.95336485970904,2.4425643874812195,-13.980707856504704,1,True
100,75,10,1,23.037955841918205,36.33602795558355,2.3037955841918203,-12.304905190209482,0,False
100,75,10,2,57.12847638154933,64.7891696299142,5.712847638154933,-30.13236743600674,5,True
100,75,20,0,43.068825470517666,55.94727230063218,4.306882547051766,-22.92347602992068,4,True
100,75,20,1,37.37006601492518,57.516002074142904,3.737006601492518,-21.308703242505803,2,True
100,75,20,2,21.698161472623525,35.11106171344248,2.1698161472623525,-12.04023892998903,0,False
100,75,30,0,27.23145707427308,47.4035365961609,2.723145707427308,-13.786219944184065,3,True
100,75,30,1,21.482797541297344,42.937741920950835,2.1482797541297343,-11.57493944042077,2,True
100,75,30,2,28.05221004469794,46.28331161553169,2.805221004469794,-16.85862782478781,2,True
100,75,50,0,22.2783818109573,39.91430749016254,2.2278381810957297,-10.263051617051717,2,True
100,75,50,1,27.041192622848683,42.02651239116977,2.7041192622848684,-15.276657919560202,1,True
100,75,50,2,31.09245365194797,49.806725130879755,3.109245365194797,-17.482617291834046,6,True
100,100,0,0,34.18118240223827,47.092601324566374,3.4181182402238273,-20.434757961428303,3,True
100,100,0,1,34.61743351410827,51.906709967341484,3.461743351410827,-15.81188982047102,6,True
100,100,0,2,41.620539464545885,52.12808324153909,4.162053946454589,-20.37304318163714,3,True
100,100,3,0,17.92436098547816,42.53411005003561,1.792436098547816,-9.905095859241595,3,True
100,100,3,1,23.20853882068169,38.038566283928276,2.320853882068169,-10.772050514215444,0,False
100,100,3,2,14.081109072389896,35.8934661899424,1.4081109072389897,-5.845048074805216,0,False
100,100,5,0,18.72995166439397,38.53235464520037,1.872995166439397,-8.288106626183326,0,False
100,100,5,1,17.86910973703636,32.72231664041536,1.7869109737036362,-8.845407232790247,0,False
100,100,5,2,17.740405908828343,41.1091855072781,1.7740405908828343,-10.465164438595686,1,True
100,100,10,0,17.042966425508972,39.9272746574558,1.7042966425508972,-7.877228077480237,1,True
100,100,10,1,18.982368737576362,34.623344298668854,1.8982368737576363,-10.410097752619613,0,False
100,100,10,2,18.202469218186764,35.067783141983845,1.8202469218186763,-8.380865264907959,0,False
100,100,20,0,12.163760657239713,33.75027771593284,1.2163760657239713,-7.2387101198048915,0,False
100,100,20,1,18.55114183521303,40.41818342114134,1.855114183521303,-11.429867449449103,1,True
100,100,20,2,14.693105796179864,38.459315086522096,1.4693105796179864,-7.261600473653948,1,True
100,100,30,0,17.47096192859128,34.569507953443825,1.747096192859128,-9.802599353489043,0,False
100,100,30,1,17.608559371581997,37.37532208895351,1.7608559371581998,-8.703594515331917,0,False
100,100,30,2,15.138340515360797,33.21515908976251,1.5138340515360798,-8.530560616299118,0,False
100,100,50,0,22.237205416015303,40.41827760513873,2.2237205416015304,-10.371530705455601,0,False
100,100,50,1,16.992664359621234,33.56184751829969,1.6992664359621235,-7.737575241629609,0,False
100,100,50,2,14.750899024693219,33.711085553747765,1.4750899024693218,-8.542450396058209,0,False
100,150,0,0,20.256002268160525,37.25041127030015,2.0256002268160525,-11.166711724243866,0,False
100,150,0,1,14.332507439809433,32.532188952522176,1.4332507439809432,-7.446977502745532,0,False
100,150,0,2,17.893260506200637,41.428664920736864,1.7893260506200637,-10.145177397302506,1,True
100,150,3,0,6.940887007382742,29.899417272295352,0.6940887007382741,-3.2026973937587906,0,False
100,150,3,1,8.337934212742041,36.44420227287551,0.8337934212742042,-3.85082155702746,0,False
100,150,3,2,7.134314227299168,33.831299551275805,0.7134314227299168,-3.7217124548634866,0,False
100,150,5,0,5.202467642939109,33.20444631961962,0.5202467642939108,-3.1543125501660865,0,False
100,150,5,1,8.61084785844903,30.312121787725527,0.8610847858449031,-3.754301307563692,0,False
100,150,5,2,7.323966525834541,39.249139238433855,0.7323966525834541,-3.597637886438483,0,False
100,150,10,0,5.873534632338299,32.64486560718239,0.58735346323383,-3.1285281218793752,0,False
100,150,10,1,5.714887016573022,34.495817306406465,0.5714887016573023,-2.9749412231735395,0,False
100,150,10,2,4.91120085968263,33.98572507282878,0.491120085968263,-2.762200595088701,0,False
100,150,20,0,6.654932206873632,32.4768698828167,0.6654932206873632,-3.4281476419240056,0,False
100,150,20,1,5.888261609413675,34.07213065332931,0.5888261609413675,-3.542692889477367,0,False
100,150,20,2,5.8491250178480225,31.008513148690987,0.5849125017848023,-3.221183376773592,0,False
100,150,30,0,6.546459514814886,35.69013789053603,0.6546459514814886,-4.26426911714948,0,False
100,150,30,1,8.14134966261306,36.40748724015831,0.814134966261306,-3.8483577874877715,0,False
100,150,30,2,5.92046186743176,32.25008594270119,0.592046186743176,-3.2310579802703616,0,False
100,150,50,0,9.155072694084565,33.56533844179404,0.9155072694084565,-5.842275787192023,0,False
100,150,50,1,12.571221669328333,37.650781624004196,1.2571221669328332,-7.71622826142627,0,False
100,150,50,2,11.445112909418949,35.85719517748716,1.1445112909418949,-7.121304789145885,0,False
100,200,0,0,12.337140427869379,34.76801058236548,1.233714042786938,-6.921862737038118,0,False
100,200,0,1,11.926751572669701,34.670246807403124,1.19267515726697,-6.161702231211969,0,False
100,200,0,2,11.825594581886836,36.022899908071786,1.1825594581886836,-6.223019846053944,0,False
100,200,3,0,5.8808026470298636,30.581056659892596,0.5880802647029864,-2.830169611566465,0,False
100,200,3,1,7.120753752934313,37.07966840659816,0.7120753752934312,-3.900020972553616,0,False
100,200,3,2,5.929286023379326,32.71267089185096,0.5929286023379327,-2.862365712805196,0,False
100,200,5,0,3.301215827529108,33.6743913918083,0.3301215827529108,-1.915821001429103,0,False
100,200,5,1,5.1473080274182355,41.622417331022945,0.5147308027418236,-2.8304841359361,1,True
100,200,5,2,3.8536489979734263,29.633698419414095,0.3853648997973426,-1.9557412023236325,0,False
100,200,10,0,4.235325179781359,33.516228051736945,0.4235325179781359,-2.1251053816889143,0,False
100,200,10,1,3.8740741142784163,33.04916790240975,0.38740741142784163,-1.7443498884039272,0,False
100,200,10,2,3.8084774481688197,34.045913366865996,0.380847744816882,-2.1260961166901033,0,False
100,200,20,0,3.2281900928812144,35.54571686377311,0.32281900928812146,-1.9242672824957365,0,False
100,200,20,1,3.5649521212029285,33.47591721633739,0.35649521212029284,-2.072421736379355,0,False
100,200,20,2,3.4046904486796357,33.09797893208234,0.3404690448679636,-1.9634560702379062,0,False
100,200,30,0,5.389996096128769,37.36199875949629,0.5389996096128769,-3.3356492287573882,1,True
100,200,30,1,5.769643006038914,30.206893897438718,0.5769643006038914,-3.333836436490499,0,False
100,200,30,2,3.5591236119359353,33.97129655691245,0.35591236119359354,-2.0102239616869877,0,False
100,200,50,0,6.956376582669449,34.48064709018392,0.6956376582669449,-4.149329392863659,0,False
100,200,50,1,5.251900244371662,31.85993351790118,0.5251900244371661,-3.260084181031237,0,False
100,200,50,2,5.595382154791066,32.84871643753074,0.5595382154791066,-2.9374553445332707,0,False
